N,Название,Ценник,Чего делать,Чего хотят,URL
1,Ведущий специалист отдела стандартизации и Интегрированной Системы Менеджмента [id46362],,Участие в управлении нормативно-методической документацией. Проверка запросов в системе электронного документооборота Lotus Notes. Подготовка и оформление проектов приказов о...,Высшее образование (техническое или экономическое). Знание методологии и инструментария ARIS. Опыт описания/моделирования бизнес-процессов в ARIS от 1 года...,https://hh.ru/vacancy/37461639
2,Руководитель группы по повышению энергоэффективности [id37061],,"Разработка мероприятий по эффективному использованию энергетических ресурсов, включая анализ энергопотребления и производства энергоресурсов. Координация процесса проработки идей по повышению энергоэффективности...",Высшее (техническое) образование в области нефтепереработки или энергетики. Опыт работы на инженерно-технических должностях в области энергетического обслуживания нефтеперабатывающих предприятий...,https://hh.ru/vacancy/39598957
3,RPA разработчик / Тимлид [id66782],,"Анализ бизнес-процессов для реализации на платформе UiPath. Разработка, тестирование и поддержка разработанных роботов. Экспертная оценка работ подрядчиков при реализации...","Высшее образование, предпочтительно в сфере информационных технологий. Опыт разработки на UiPath, как на уровне визуальных конструкторов, так и на уровне...",https://hh.ru/vacancy/39779188
4,«Машинист компрессорных установок [id71466]»,,"Обслуживать и контролировать работу насосно-компрессорного емкостного и вспомогательного оборудования. Управлять работой оборудования технологического режима по показаниям КИПиА, контроль за...","Высшее образование по направлениям по направлению ""оборудование нефтегазопереработки"", "" машины и аппараты химических производств"", ""технологические машины и оборудование"". Знания требований и...",https://hh.ru/vacancy/40214563
5,Ведущий инженер-сметчик [id65946],,Ведение единой сметной сводки затрат. Проверка оформления сметной документации и актов строительно-монтажных и проектных работ. Проверка правильности применения подрядными...,"Высшее профессиональное образование (техническое, инженерно-экономическое, ПГС). Стаж работы на инженерно-экономических должностях, в области сметной деятельности на предприятиях нефтеперерабатывающей...",https://hh.ru/vacancy/40239787
6,PHP- разработчик [id79066],,"Разработка многопользовательских клиент-серверных приложений, работа с БД. Работа в SCRUM-команде c использованием Agile технологий.","Высшее образование в сфере информационных технологий, прикладной математики. Умение разрабатывать юнит-тесты. Работа с реляционными и документоориентированными БД; PostgreSQL и...",https://hh.ru/vacancy/40472635
7,Электромонтёр по ремонту и обслуживанию электрооборудования [id74041],,"Обслуживать электроустановки технологических объектов (оперативное обслуживание). Обслуживать электроустановки до и выше 1000В (0,4кВ, 6-10кВ, 110...","Образование средне-специальное или высшее техническое (электрика, энергетика). Наличие практического опыта работы по специальности не менее 2 лет (на предприятиях...",https://hh.ru/vacancy/40530929
8,«Электромонтёр по ремонту и обслуживанию электрооборудования [id95461]»,,"Эксплуатация, ремонт и техническое обслуживание систем электрического обогрева (системы электообогрева).","Образование средне-специальное или высшее техническое (электрика, энергетика). Наличие практического опыта работы по специальности не менее 2 лет (на предприятиях...",https://hh.ru/vacancy/40532267
9,Главный специалист по энергетике,,"Формирование бизнес плана, производственного плана по направлению СМР, ПНР. Управление и контроль строительно-монтажных и пусконаладочных работ объектов электроэнергетики крупного...","Высшее образование. Обязателен опыт работы в строительстве производственных электронергетических объектов: кабельные линии, эстакады, слаботочные системы 0,4-6 кВт (СМР...",https://hh.ru/vacancy/40606715
10,Разработчик Terrasoft Creatio [id 52539],,Разработка проектных решений на промышленной платформе Terrasoft BPM'Online/Creatio с использованием серверного кода ASP.NET (C#) и JavaScript в соответствии...,Знание и практическое применение принципов ООП и шаблонов проектирования. Знание нотации BPMN 2.0. Опыт разработки на C# и работы...,https://hh.ru/vacancy/40684903
11,Senior frontend developer (Angular) [id 83881],,Разработка Web-сервисов. Оптимизация производительности Web приложений.,"Уверенное знание HTML5, CSS3, SCSS, JS, включая современные техники и best practices. Владение Angular 2+, TypeScript 4...",https://hh.ru/vacancy/40840941
12,Руководитель направления по внутреннему аудиту,,"Планирование, организация и проведение внутренних аудиторских проверок. Оценка эффективности систем внутреннего контроля / анализ бизнес-процессов / систем корпоративного управления и т...","Высшее экономическое, юридическое, техническое, математическое. Общий опыт работы не менее 5 лет. Знание профильных стандартов и практик (в области внутреннего...",https://hh.ru/vacancy/40956456
13,Главный специалист по зданиям и сооружениям [id84641],,"Обеспечение соответствия принимаемых проектных технических решений требованиям норм и правил, действующих на территории РФ. Обеспечение качественной проектной документации объектов, входящих...",Высшее техническое образование. Стаж работы по специальности на инженерно-технических должностях в области подготовки производства в нефтеперерабатывающей отрасли не менее...,https://hh.ru/vacancy/40992999
14,Руководитель группы ценообразования и смет [id84682],,"Формирование сметных документов к договорам. Учет сметной стоимости строительства на основании данных ПСД, учет показателей ССР, ОСР и ЛСР по...","Высшее профессиональное (техническое или инженерно-экономическое) образование. Профессиональная переподготовка по направлению ""Ценообразование и сметное нормирование в строительстве"". Опыт работы на...",https://hh.ru/vacancy/40993091
15,DevOps инженер [id86702],,"Развертывание, поддержка, конфигурирование и оптимизация инфраструктуры. Централизованное управление сегментами продуктива, стейджинга, разработки, тестирования. Непрерывная интеграция и поставка релизов (CI/CD). ","Глубокое понимание и опыт администрирования Linux. Знание скриптовых языков программирования (bash, python,shell). Отличное знание сетевых технологий. Опыт работы с...",https://hh.ru/vacancy/41060578
16,"Руководитель направления - эксперт по мотивации, компенсации и льготам [id88022]",,"Разработка ЛНА по вопросам оплаты труда, премирования персонала, соц.льгот и компенсаций. Планирование и бюджетирование затрат на персонал (текущее и бизнес...","Высшее (техническое, инженерно-экономическое, экономическое, в области управления персоналом или по профилю деятельности предприятия). Опыт работы в области C&B...",https://hh.ru/vacancy/41119147
17,Инженер АСУ ТП,60000,65000,Техническое обслуживание средств АСУ ТП (предоставление доступа и сопровождение подрядных организаций в контроллерных АСУТП).,Опыт работы обслуживания АСУ ТП от 1 года. Знание правил ОТ и ПБ. Группа по электробезопасности не ниже 3-й.,https://hh.ru/vacancy/41121632
18,ETL разработчик [id66561],,"Проектирование и разработка ETL процессов между системами (1С, SAP, OHP, QlikView и т.д.). Участие в проектах по внедрению...","Опыт работы с ETL-инструментами (ODI, Informatica). Навыки разработки процедур обработки данных на PL-SQL. Навыки разработки на Java/Python. ",https://hh.ru/vacancy/41135606
19,Специалист по безопасности системы SAP/ SAP Security [id9875],,Проведение анализа запросов на доступ к системам SAP в части обеспечения соблюдения требований Информационной безопасности Группы Компаний. Изменение полномочий по...,"Понимание принципов разделения полномочий пользователей в информационных системах SAP (матрица полномочий, функциональные роли, и т.д.). Общие теоретические знания в...",https://hh.ru/vacancy/41155615
20,Менеджер по развитию бизнеса на зарубежных рынках [id 63981],,"Развитие продаж катализаторов нефтепереработки для процессов каталитического крекинга, гидроочистки, гидрокрекинга, олигомеризации, депарафинизации и т.д. на рынках дальнего зарубежья. ","Высшее образование. Предпочтительно химическое, химико-технологическое или нефтегазовое. Опыт работы в продажах для нефтеперерабатывающей, нефтехимической и смежных отраслей (специальные химические...",https://hh.ru/vacancy/41162509
21,Backend-разработчик (Python) [59501],,Разработка и проектирование web-сервисов. Интеграция с ИС с использованием архитектуры ESB и ETL. Построение распределенных приложений. Разработка проектной документации...,"Уверенное владение Python (в т.ч. библиотеками NumPy, Pandas, scikit-learn). Опыт работы и понимание реляционных БД – [PostgreSQL, MS SQL...",https://hh.ru/vacancy/41428255
22,"Разработчик Frontend для SAP (SAP Fiori, UI / UX) [id 68702]",,"Участие в проектной деятельности SAP. Участие в пресейл-процессах, оценке и планировании новых активностей. Модернизация интерфейса SAP. Реализация запросов на...",Опыт разработки пользовательских интерфейсов от 3-х лет. Понимание принципов верстки HTML/CSS/JS. Front-end разработка с пониманием Back...,https://hh.ru/vacancy/41449547
23,Корпоративный архитектор [id73423],,"Внедрение лучших архитектурных практик, повышение уровня зрелости управления корпоративной архитектурой. Проведение аудита текущей ИТ-архитектуры. Формирование стратегии развития ИТ-Архитектуры...","Понимания основных направлений и трендов развития ИТ - архитектуры, плюсов и минусов различных подходов к построению корпоративной архитектуры. Знания современных технологий...",https://hh.ru/vacancy/41453193
24,FrontEnd разработчик (VUE) [id79067],,Разработка front-end программных модулей с учётом современных и перспективных технологий Vue с учетом типизации данных. Разработка юнит-тестов с...,"Высшее образование в сфере информационных технологий, прикладной математики. Опыт разработки front-end приложений с использованием Vue от 3 лет. ",https://hh.ru/vacancy/41488558
25,Электрослесарь по ремонту оборудования (г. Долгопрудный),34900,53200,"Обеспечение безаварийной эксплуатации тепловых электроустановок, тепловых сетей, сетей водоснабжения и канализации нефтебазы. Формирование перечня запасных частей и материалов, необходимых для...",Образование: средне-специальное/высшее (электротехническое). Опыт работы в аналогичных должностях от 2 лет. Желательно наличие не ниже 3 группы допуска...,https://hh.ru/vacancy/41525738
26,Эксперт ARIS [id78381],,Администрирование системы ARIS. Разработка скриптов ARIS. Развитие методологии моделирования. Обеспечение качества данных. Постановка задач на разработку аналитических отчетов. ,Высшее образование. Опыт моделирования бизнес-процессов. Опыт создания Соглашений о моделировании. Знание методологии ARIS. Опыт администрирования ARIS. Опыт разработки скриптов...,https://hh.ru/vacancy/41539709
27,«Инженер электротехнической группы [id88722]»,,"Разрабатывать рабочую документацию по электрообогреву технологического оборудования и трубопроводов (частях ЭМ, ЭН, ЭО, ЭГ для опасных производственных объектов). ","Профильное высшее образование (электротехника). Опыт работы не менее 5 лет в проектной организации. Знание ГОСТ, СП, ПУЭ и др. ",https://hh.ru/vacancy/41540238
28,Системный инженер [id74027],,"Администрирование промышленной среды системы управления правами доступа: мониторинг, установка обновлений, устранение неполадок, обеспечение непрерывности, анализ метрик, оптимизация компонентов - JVM, Postgres...",Опыт администрирования Linux от 3 лет. Опыт администрирования серверов приложений Java от 1 года. Понимание работы JVM. Понимание работы SQL...,https://hh.ru/vacancy/41591255
29,Техник-лаборант (г. Долгопрудный),44200,57400,Подтверждение качества светлых нефтепродуктов (бензины и дизельные топлива). Ведение отчетной документации в соответствии с системой менеджмента качества испытательной лаборатории и...,"Образование: среднее специальное/ высшее - (химия, нефтехимия). Опыт работы в лаборатории от 3 лет (специфика - нефтепродукты). Знание и опыт прохождения процедуры...",https://hh.ru/vacancy/41595968
30,Главный специалист по КИПиА [id90769],,"Контроль за состоянием и работой, а также соответствующим техническим обслуживанием и своевременным ремонтом осуществляемых силами сервисных организаций КИПиА, аналитического оборудования...","Образование: высшее (техническое). Стаж работы на инженерно-технических должностях в области автоматизации не менее 3 лет. Знание конструктивных особенностей, принципов...",https://hh.ru/vacancy/41635405
31,Главный специалист (инженер-проектировщик по системам водоснабжения и водоотведения),,"Выполнение расчета прочности и жесткости трубопроводов. Выполнение гидравлических расчетов трубопроводов. Разработка ведомостей объемов работ, спецификаций. Подбор оборудования для систем водоснабжения...","Высшее техническое образование. Обязателен опыт проектирования систем водоснабжения и водоотведения не менее 3х лет. Обязателен опыт гидравлических расчетов, опыт...",https://hh.ru/vacancy/41697736
32,SAP Security/Ведущий специалист по информационной безопасности SAP [id9869],,Проведение анализа запросов на доступ к системам SAP в части обеспечения соблюдения требований Информационной безопасности Группы Компаний. Изменение полномочий по...,Опыт работы по направлению Авторизация в SAP / Информационная безопасность SAP - от 2-х лет. Знание средств обеспечения и контроля информационной...,https://hh.ru/vacancy/41723243
33,Главный специалист по информационной безопасности SAP [id9828],,Проведение анализа запросов на доступ к системам SAP в части обеспечения соблюдения требований Информационной безопасности Группы Компаний. Разработка и формирование...,Опыт работы по направлению Авторизация в SAP / Информационная безопасность SAP - от 4-х лет. Знание средств обеспечения и контроля информационной...,https://hh.ru/vacancy/41723338
34,ИТ-архитектор [id73423],,"Внедрение лучших архитектурных практик, повышение уровня зрелости управления корпоративной архитектурой. Проведение аудита текущей ИТ-архитектуры. Формирование стратегии развития ИТ-Архитектуры...","Понимания основных направлений и трендов развития ИТ - архитектуры, плюсов и минусов различных подходов к построению корпоративной архитектуры. Знания современных технологий...",https://hh.ru/vacancy/41757099
35,Начальник отдела по обеспечению качества [id91685],,Разработка и внедрение Системы Менеджмента Качества Проекта в соответствии с требованиями ISO 9001. Разработка методологических основ реализации процесса управления качеством...,"Высшее техническое образование. Опыт разработки и внедрения систем менеджмента качества, соответствующих требованиям ISO 9001, не менее чем на 2-х...",https://hh.ru/vacancy/41759018
36,Главный специалист по отчетности и планированию закупок [id69141],,Сбор и консолидация потребностей подразделений Общества в закупке работ и услуг. Сопровождение процесса формирования годовых планов закупок работ и услуг...,"Высшее образование (техническое, юридическое, экономическое). Опыт организации закупочных процедур по ФЗ 223, составления ГПЗ. Развитые навыки деловой переписки и составления...",https://hh.ru/vacancy/41767563
37,Главный ИТ-архитектор,,"Управление архитектурой предприятия: Разработка и поддержание в актуальном состоянии описаний текущей, целевой ИТ-архитектуры. Ведение соответствующей документации (в том числе...",Опыт работы в предметной области не менее 3 лет. Опыт составления и ведения технической и проектной документации (создании целевых моделей...,https://hh.ru/vacancy/41774871
38,Ведущий специалист производственно-технической службы [id84865],,"Подготовка исходной информации для отчетных документов: о техническом состоянии электросетевого оборудования, линий электропередач. Расчет условных единиц объектов электросетевого хозяйства участвующих...",Высшее электроэнергетическое образование. Стаж работы в аналогичной должности в области электроэнергетики (эксплуатация электрооборудования) не менее 3 - х лет. ,https://hh.ru/vacancy/41776332
39,Ведущий специалист по пожарной безопасности,,"Проведение проверок производственного контроля за пожарной, промышленной, экологической безопасностью и охраной труда. Обучение персонала в облати производственной безопасности. ","Высшее образование - специалитет, магистратура по направлению ""Техносферная безопасность"", ""Пожарная безопасность"". Опыт в аналогичной должности от 2 лет.",https://hh.ru/vacancy/41795670
40,Главный специалист по информационной безопасности (ХК Авангард) [id85101],,Конфигурирование и администрирование средств защиты информации. Проведение аудитов информационной безопасности корпоративных информационных систем. Контроль изменений ИС (анализ и согласование заявок...,"Высшее образование информационная безопасность. Знание инструментов для аудита безопасности (kali linux). Хорошие навыки администрирования linux-based информационных систем (ELK, GrayLog...",https://hh.ru/vacancy/41823735
41,Исследователь опыта сотрудников компании/ UX-исследователь [id80683],,Планирование и организация качественных исследований по требованиям внутреннего заказчика. Назначение в зависимости от задачи методов исследований. Сегментирование и профилирование сотрудников. ,Высшее образование. Знание и практический опыт применения различных методик и инструментов для проведения качественных исследований (не менее 2 лет). ,https://hh.ru/vacancy/41837269
42,Ведущий специалист по строительному контролю,,Проработка предварительной спецификации проекта. Формирование технического задания на проектирование объекта АЗС. Формирование ведомостей материалов и оборудования на объект КС. ,"Высшее профессиональное образование (ПГС). Опыт работы по направлению от 6 лет. Знание систем и методов проектирования, ГОСТов, СНиПов; AutoCAD, знание...",https://hh.ru/vacancy/41943407
43,Главный специалист по механомонтажным работам [id85503],,"Осуществляет строительный контроль с целью определения соответствия показателей качества технологических процессов, строительных материалов, конструкций, машин, механизмов и оборудования, используемых в...",Высшее техническое образование. Стаж работы по специальности на инженерно-технических должностях в области механической подготовки производства в нефтеперерабатывающей отрасли не...,https://hh.ru/vacancy/41955038
44,Инженер группы планирования и учета затрат в дочернее общество Компании,,"Организация документооборота и архивного дела управления главного механика: входящая и исходящая документация, распорядительные документы, локально-нормативные акты, внутренние документы управления...","Образование - высшее (техническое, инженерно-экономическое). Стаж на инженерно-технических, экономических должностях / опыт работы бухгалтером не менее 1-го года. ",https://hh.ru/vacancy/41958277
45,"Ведущий специалист по проведению проверок, г. Иваново [id 93282]",,Выполнение работ по настройке и регулировке средств измерений в процессе подготовки к поверкам. Контроль наличия нормативной документации на объектах Организации...,"Готовность к командировкам. Активная жизненная позиция, коммуникабельность, ответственность, внимательность, стрессоустойчивость, готовность к большим объемам работы и режиму многозадачности.",https://hh.ru/vacancy/41970811
46,Ведущий инженер релейной защите и телемеханике,,"Принимать технические решения и контролировать качество проектирования, изготовления и строительства в части систем РЗА, ТМ и Д. Планировать и контролировать...","Высшее, профильное инженерно-техническое образование (энергетика, по специальности: релейная защита и автоматика, автоматизированные системы управления, электроснабжение промышленных предприятий). ",https://hh.ru/vacancy/41971213
47,Главный специалист по информационной безопасности (DLP-системы) [id81942],,"Прикладная работа с DLP-системами. Выявления и обработка инцидентов, связанных с утечками информации. Анализ инцидентов ИБ. Настройка политик безопасности в...",Создание и редактирование политик безопасности. Опыт написания регулярных выражений. Опыт участия в расследованиях инцидентов ИБ. Опыт работы с информационными системами...,https://hh.ru/vacancy/41974557
48,Главный специалист по организации закупок работ и услуг (Капотня) [id 93701],,"1. Организация и проведение конкурентных процедур закупок работ и услуг: 1.1 Анализ документации по инициации закупочных процедур, поступающей от...","Высшее образование (экономическое/юридическое). Опыт аналогичной работы от 3 лет. Владение ПК (MS Office, SAP). Аналитический склад ума, способность работать...",https://hh.ru/vacancy/41982697
49,Специалист группы анализа и методологии [id81301],,"Администрирование портала инициатив: модерирование идей, назначение экспертов, сопровождение идей до статуса «Реализовано». Разработка методик подсчета коэффициентов вовлеченности, результативности, активности. ","Высшее проф. образование (техническое, нефтехимического профиля). Опыт работы с Порталом Инициатив или аналогами. Опыт работы на объектах нефтехимического профиля от...",https://hh.ru/vacancy/41985677
50,Главный специалист информационной безопасности (Информационные системы) [id81994],,Выявление и расследование типовых инцидентов в информационных системах. Разработка Use-Case для выявления нетиповых инцидентов в информационных системах. ,"Общие теоретические знания в области информационной безопасности. Знания основных сетевых технологий, протоколов передачи данных, в т.ч. криптографических и безопасных...",https://hh.ru/vacancy/41992152
51,Руководитель направления группы контроля движения материальных потоков,,"Координировать работу группы движения материальных потоков и осуществляет контроль за своевременным и качественным выполнения задач и функций, предусмотренных должностными инструкциями...","Образование - высшее (техническое), программы магистратуры, специалитет. Знание технологии нефтеперерабатывающего производства. Стаж работы на инженерно-технических должностях не менее 3 лет...",https://hh.ru/vacancy/42019679
52,Системный аналитик Terrasoft Creatio [id 92804],,"Проведение обследования, выявление, документирование и детализация требований. Проектирование интерфейсов, логической и физической модели данных. Перевод функциональных требований в технические. ","Навык работы с BPMN 2.0 нотацией. Навыки использования различных нотаций моделирования бизнес-процессов и проектирования структуры данных (UML, IDEF...",https://hh.ru/vacancy/42064270
53,Главный специалист отдела электроснабжения [id94501],,"Надзор за эксплуатацией электротехнического оборудования на закрепленных объектах. Контроль за соблюдением работниками Общества установленных сроков составления актов отбраковок, дефектных ведомостей...","Высшее профильное образование (энергетика). Опыт работы от 3-х лет в области энергетического обслуживания нефтеперерабатывающих предприятий. Работа с НТД, сметной...",https://hh.ru/vacancy/42096274
54,Разработчик [id50081],,"Заниматься разработкой и поддержкой дэшбордов на базе Qlik Sense. Анализировать источники данных, интегрировать их с информационными системами, реализовывать ETL\ELT...","Ты будешь: Работать c BI-системами, Qlik Sense и продуктами MS на уровне продвинутого пользователя. Обрабатывать большие объемы информации. ",https://hh.ru/vacancy/42097208
55,Разработчик Qlik [id21953],,"Заниматься разработкой и поддержкой дэшбордов на базе Qlik Sense. Анализировать источники данных, интегрировать их с информационными системами, реализовывать ETL\ELT...","Ты будешь: Работать c BI-системами, Qlik Sense и продуктами MS на уровне продвинутого пользователя. Обрабатывать большие объемы информации. ",https://hh.ru/vacancy/42097236
56,Архитектор Terrasoft [id 93201],,Участие в разработке целевой архитектуры систем класса BPMS (Terrasoft BPM online Studio. Аудит документов проектов развития. Контроль реализации проекта на...,Хорошее знание возможностей платформы Terrasoft Creatio. Опыт внедрения платформы для крупных холдингов будет преимуществом. Хорошее знание и опыт веб-разработки...,https://hh.ru/vacancy/42101876
57,Разработчик Terrasoft Creatio [id 68304],,Заниматься разработкой проектных решений на промышленной платформе Terrasoft BPM'Online/Creatio с использованием серверного кода ASP.NET (C#) и JavaScript. ,Опыт разработки на C# и работы с платформой .NET 3.5/4.0/4.5/ASP.NET. Знание и опыт работы...,https://hh.ru/vacancy/42103728
58,Главный специалист (по сопровождению и контролю поставок МТР) [id93773],,"Формирование сводных заявок на приобретение оборудования, материалов, комплектующих изделий на основе заказных спецификаций. Анализ остатков МТР. Резервирование позиций свободного запаса...","Высшее образование (преимущественно экономическое, техническое, общий менеджмент). Опыт работы в области поставок/комплектации/продаж оборудования. Навыки составления аналитических отчетов, таблиц...",https://hh.ru/vacancy/42109133
59,Frontend-разработчик (React) [59501],,Участие в проектировании и разработке технологической и прикладной архитектур фронтальных систем с учётом современных и перспективных технологий. Взаимодействие с backend...,"Знание JavaScript. Опыт работы различными фреймворками (желательно React). Хорошие навыки верстки HTML5, CSS3. Опыт работы с системами сборки...",https://hh.ru/vacancy/42117051
60,Ведущий специалист (внедрение и развитие производственных систем) [id94522],,"Прием и регистрация заявок от заказчиков в системе ServiceDesk. Первичный анализ обращения, диагностика. Консультирование заказчиков (по телефону, e-mail) по...","Высшее образование по направлениям: информационные технологии. Знание ОС линейки Windows на уровне продвинутого пользователя, знание основ сетевых технологий. ",https://hh.ru/vacancy/42137167
61,Ведущий специалист сметно-договорного отдела [id77682],,Участие в подготовке и обосновании предложения о начальной цене контракта при организации/проведении Отборов/конкурсов на размещение заказов в строительстве...,Высшее профессиональное образование (Электроснабжение/ Эксплуатация электрооборудования/ Строительство). Стаж работы по аналогичному направлению не менее 3-х лет. Уверенный пользователь MS...,https://hh.ru/vacancy/42153033
62,"Ведущий специалист (РЗиА, АСДУЭл) [id88441]",,"Участие в подготовке задания на проектирование. Сбор исходных данных и разработка ПД, РД (разделов РЗиА, ПА, АСУ ТП, АСКУЭ, АСДУЭл...","Высшее образование (электроснабжение, электроснабжение промышленных предприятий, релейная защита и автоматика). Опыт работы от 3-х лет на позиции инженер-проектировщик...",https://hh.ru/vacancy/42154234
63,Ведущий специалист (проектировщик) [id88442],,"Участие в подготовке задания на проектирование. Сбор исходных данных и разработка ПД, РД (марок ЭС, ЭП, ЭМ, ЭК, ЭО, ЭН...","Высшее образование (специальность: электроснабжение, электроснабжение промышленных предприятий). Опыт работы от 3-х лет в должности инженер-проектировщик (энергетик). ",https://hh.ru/vacancy/42154288
64,Аналитик по информационной безопасности [id85344],,Разработка и поддержание актуальности ресурсно-сервисных моделей (РСМ) для использования в процессе управления уязвимостями. Анализ и идентификация обнаруженных внутренних сервисов...,"Понимание основ информационной безопасности (ИБ). Знакомство с ITIL, умение организовать процессы. Опыт кросс-взаимодействия между отделами. Высшее образование (желательно по...",https://hh.ru/vacancy/42154577
65,Ведущий специалист отдела делопроизводства и документационного обеспечения [id92765],,Проверка проектов доверенностей и распорядительных документов на сответствие требованиям локальным нормативным актам Общества. Регистрация распорядительных документов и доверенностей. ,Высшее образование (желательно документационное обеспечение). Опыт работы в документообороте от 1 года. Знание нормативных документов в сфере документационного обеспечения управления. ,https://hh.ru/vacancy/42161746
66,Бизнес-аналитик [id78401],,"Выявление и анализ бизнес-потребностей, формирование бизнес-требований, функциональных требований. Обследование бизнес-процессов (подготовка опросника, проведение интервью, подготовка отчета об...",Высшее образование. Аналогичный опыт работы от 3 лет. Наличие завершенных проектов по профилю. Практический опыт использования инструментов формализации бизнес-процессов...,https://hh.ru/vacancy/42166451
67,Начальник отдела календарно-сетевого планирования,,"Разработку календарно-сетевого графика выполнения работ (работа в специализированном ПО Oracle Primavera) с использованием графиков подрядчиков, проектной и рабочей документации...",Высшее экономическое или техническое образование. Профессиональный упровень владения ПО Oracle Primavera. Опыт работы по направлению от 5 лет. ,https://hh.ru/vacancy/42173828
68,Инженер (монтажник-проектировщик),,"Разработка рабочей документации в частях ТХ и МО для опасных производственных объектов. Проведение прочностных расчётов, составление пояснительных записок по проектам. ","Профильное высшее образование. Опыт работы не менее 5 лет в проектной организации.. Знание ГОСТ, СП, ПУЭ и др. ",https://hh.ru/vacancy/42180025
69,Главный специалист по информационной безопасности (ССЗИ) [id81982],,"Работа на второй линии поддержки процесса управления обращениями (HP SM). Эксплуатация межсетевых экранов, систем предотвращения вторжений, сетевых средств криптографической защиты. ","Общие теоретические знания в области информационной безопасности. Знание программных, аппаратных средств обеспечения безопасности в области информационных технологий. Наличие сертификатов CCNA...",https://hh.ru/vacancy/42194027
70,Разработчик Битрикс и Битрикс24 [id91642],,"Разработка новых решений и доработка текущих. Проектирование и реализация интеграционных решений. Экспертиза и исследование решений на предмет доработок, улучшений. ","Опыт работы с PHP (5-7), JS (ES2015), HTML (5), CSS (3) и БД (MySQL, SQL). Опыт работы с...",https://hh.ru/vacancy/42195956
71,Электромонтёр ОВБ [id80662],,"Оперативное обслуживание электроустановок технологических объектов. Оперативное обслуживание электроустановок до и выше 1000В (0,4кВ, 6-10кВ, 110...","Средне-специальное или высшее техническое образование (электрика, энергетика). Наличие практического опыта работы по специальности не менее 2 лет (на предприятиях...",https://hh.ru/vacancy/42204532
72,Java разработчик [id92962],,"Участие в проектировании и разработке ядра современной IdM системы промышленного уровня. Участие в проектировании и разработке модулей, реализующих бизнес логику...",Опыт программирования на Java от 2 лет. Уверенное знание Java Core. Свободное ориентирование в принципах ООП. Знание и практический опыт...,https://hh.ru/vacancy/42210560
73,Руководитель Центра развития пользовательского опыта [id80682],,"Управление циклом исследования внутреннего сотрудника, сегментирование, профилирование, построение eejm и метрик. Организация исследований под ключ, включая привлечение внешнего ресурса (исследовательские...","Высшее образование. Желателен опыт продуктового дизайна. Опыт построения ejm и cjm. Сильные навыки проведения интервью, планирования и организации проведения исследований...",https://hh.ru/vacancy/42247448
74,Ведущий специалист (сметчик),,Учет смет по строительно-монтажным работам. Выборочный контроль за исполнением смет по строительно-монтажным работам. Осуществление выборочной проверки правильности расчетов...,"Высшее (техническое, инженерно-экономическое) образование. Опыт работы в области контрольно-ревизионной или сметной деятельности от 3 лет.",https://hh.ru/vacancy/42276546
75,Главный специалист по комплектации [id96734],,"Формирование сводных заявок на приобретение оборудования, материалов, комплектующих изделий на основе рабочей документации проекта. Анализ остатков МТР. Резервирование позиций свободного...","Высшее образование. Опыт работы в области поставок/комплектации энергетического оборудования, материалов и комплектующих не менее 3-х лет. ",https://hh.ru/vacancy/42286039
76,Специалист поддержки рабочих мест [id96341],,"Осуществлять техническую поддержку (2-я линия) стандартного набора инфраструктурных сервисов (корпоративная почта, антивирусное ПО и ПО резервного копирования данных, файл...",Вы отлично разбираетесь в Windows 7/8/10. У вас есть опыт работы с Microsoft Office 2010/2013/2016. ,https://hh.ru/vacancy/42312203
77,Главный системный администратор СУБД [id95081],,"Выполнение сложных работ по поддержанию инфраструктуры. Сопровождение СУБД, СРК. Управление непрерывностью и мощностями. Анализ инцидентов и проблем. Сервисная поддержка заказчиков...","Знание и понимание принципов построения и организации ЛВС сетей, знание стека протоколов TCP/IP, модели OSI. Опыт работы с SAN...",https://hh.ru/vacancy/42330089
78,Бизнес-аналитик (НСИ) [id32461],,"Разработка НМД на процессы управления НСИ (регламенты, методики, стандарты). Моделирование процессов управления НСИ. Разработка правил нормализации контента объектов НСИ. ","Готовность к освоению специфики различных направлений в бизнесе, обучаемость, ответственность, способность к принятию самостоятельных решений, аналитические способности, коммуникабельность. ",https://hh.ru/vacancy/42343429
79,Front-end разработчик (ReactJS)[id92962],,Участие в проектировании и разработке пользовательских и административных интерфейсов современной IdM-системы промышленного уровня.,"Опыт программирования на JavaScript от 3 лет. Свободное ориентирование в принципах ООП. Знание и опыт использования React/Angular, Redux, TypeScript. ",https://hh.ru/vacancy/42345665
80,Руководитель команды web- разработки/Web Development Team Lead [id86281],,"Управление командой разработчиков (backend, frontend). Планирование процесса разработки и сопровождения программного обеспечения. Контроль разработки микросервисов, разборки монолита. Выстраивание процессов CI...","Опыт управления процессом разработки и тех.специалистам в рамках проекта (от 10-ти человек) от 3-х лет. Оценка, анализ и...",https://hh.ru/vacancy/42346244
81,Руководитель команды мобильной разработки/ Mobile ApplicationTeam Lead [id86266],,"Управление и формирование команд разработки Android и iOS приложений, роль технического лидера. Участие в проектировании и разработке API взаимодействия мобильных...",Опыт создания и успешного запуска мобильных приложений. Опыт формирования и управления командой (-ами) разработчиков мобильных приложений от 3-х лет...,https://hh.ru/vacancy/42346297
82,Руководитель направления по механомонтажным работам,,"Организация входного контроля проектной и рабочей документации по УЗК, службой по организации и контролю СМР. Организация системы качества строительных работ...","Высшее образование. Стаж работы – в организациях, выполняющих инженерные изыскания, осуществляющих подготовку проектной документации, строительство, реконструкцию, капитальный ремонт объектов капитального строительства...",https://hh.ru/vacancy/42384412
83,Senior C# Developer [id 83864],,"Разработка REST-API сервисов, служб, настольных приложений. Взаимодействие с БД (crud-операции). Интеграция с другими подсистемами.","Уверенное знание C#. Понимание базовых принципов веб-разработки (протокол HTTP, HTML/CSS/JS). Опыт создания web-приложений и web-сервисов...",https://hh.ru/vacancy/42391214
84,Главный специалист по закупке категории Indirect,,"Анализ рынка и проведение закупочных процедур по выбору поставщиков сувенирной продукции, услуг типографии, рекламных и маркетинговых услуг. Разработка закупочной документации...",Опыт работы в рамках в рамках обозначенных выше категорий. Уверенное знание Excel. Опыт работы на электронных торговых площадках. ,https://hh.ru/vacancy/42410022
85,Главный специалист по закупке IT,,"Организация, проведение и сопровождение конкурентных/неконкурентных процедур закупок товаров/работ/услуг. Разработка закупочной документации, включая подготовку совместно с подразделениями-функциональными...",Высшее образование. Опыт работы в системе организации закупок ИТ-оборудования от 2-х лет. Верхнеуровневое знание 223-ФЗ приветствуется. ,https://hh.ru/vacancy/42410206
86,Главный специалист по закупке ИТ,,"Организация, проведение и сопровождение конкурентных/неконкурентных процедур закупок товаров/работ/услуг. Разработка закупочной документации, включая подготовку совместно с подразделениями-функциональными...",Высшее образование. Опыт работы в системе организации закупок ИТ-оборудования от 2-х лет. Верхнеуровневое знание 223-ФЗ приветствуется. ,https://hh.ru/vacancy/42410333
87,Специалист по договорной работе с функциями секретаря закупочной комиссии,,"Сбор данных и подготовка проектов договоров, дополнительных соглашений и протоколов разногласий с контрагентами. Согласование проектов договоров, дополнительных соглашений и протоколов...",Опыт работы с тендерными протоколами. Уверенное знание Excel. Опыт работы на электронных торговых площадках. Умение работать в режиме многозадачности. ,https://hh.ru/vacancy/42410518
88,Главный специалист по управлению рисками,,"Выполнение процедур по управлению рисками: идентификация рисков, оценка рисков, планирование мер по митигации рисков, мониторинг рисков. Использование ПО (Word, Excel...","Высшее профессиональное образование. Опыт по направлению - управление рисками, риск-менеджмент в проектах. Знание английского языка на уровне upper intermediate. ",https://hh.ru/vacancy/42418458
89,Специалист по закупкам travel услуг,,"Закупка услуг для проведения конференций (отели, кейтеринг, синхронный перевод, аренда оборудования, транспорт и пр.). Закупка услуг по размещению для проведения...",Опыт работы в travel-сегменте с аналогичным функционалом от 3 лет/ опыт организации учебно-тренировочных сборов/ семинаров/ конференций по спортивной...,https://hh.ru/vacancy/42421373
90,Архитектор Informatica [id 96582],,Разработка целевой архитектуры систем ETL и Data Governance. Аудит документов проектов развития. Контроль реализации проекта на соответствия целевой архитектурой и...,"Опыт работы со стеком Informatica как с ETL инструментарием (Informatica PowerCenter, Informatica BDM), знание ограничений, узких мест продуктов по совместимости...",https://hh.ru/vacancy/42425522
91,Инженер по монтажу сетевого оборудования [id83941],,"Выполнение работ по монтажу и обслуживанию СКС, ВОЛС. Поддержка оборудования ИТ-инфраструктуры. Поддержка работоспособности ИБП и оборудования коммутационных узлов. ","Знание правил монтажа СКС, ВОЛС. Наличие опыта по техническому обслуживанию сетевого оборудования (Cisco, Huawei), средств обеспечения бесперебойного электропитания (АРС, CHNEIDER...",https://hh.ru/vacancy/42447607
92,Главный специалист по информационной безопасности (Kaspersky) [id50897],,"Выполнение работ по анализу состояния ИБ в СЗИ, подготовка отчетов. Взаимодействие с другими подразделениями организации для устранения выявленных угроз/уязвимостей...","Опыт работы с Kaspersky (KSC, KES, KSLA, KESL, KSE). Приветствуется опыт работы с Check Point (web-фильтрация), IBM Security Guardium...",https://hh.ru/vacancy/42450313
93,Главный специалист по календарно-сетевому планированию [id97405],,"Подготовка и проверка исходных данных для объемного и календарного планирования. Анализ плана производства на исполнимость, подготовка предложений и рекомендаций для...",Высшее (техническое) образование. Опыт работы на аналогичной позиции в области оперативного управления производством в нефтеперерабатывающей отрасли не менее 1 года.,https://hh.ru/vacancy/42457899
94,"Руководитель направления информационно-технической поддержки, обучения на зарубежных рынках [id9852]",,Формирование планов по предоставлению технической поддержки для продвижения продукции компании на зарубежных рынках в соответствии с потребностями блока продаж и...,"Высшее техническое образование (инженер-технолог, инженер-химик). Профильный опыт работы от 3 лет минимум по направлению смазочных масел. ",https://hh.ru/vacancy/42458402
95,Главный специалист по коммерческим вопросам [id 98625],,"Развитие продаж катализаторов нефтепереработки для процессов каталитического крекинга, гидроочистки, гидрокрекинга, олигомеризации и т.д. Вывод на рынок новых продуктов и...","Высшее образование. Естественнонаучное или инженерно-техническое высшее образование, желательно в области. химии, нефтехимии или нефтепереработки. Наличие дополнительного образования в области...",https://hh.ru/vacancy/42461108
96,Ведущий специалист (сметчик) [id98742],,"Составление, проверка и согласование сметной документации на электромонтажные, пусконаладочные, слаботочные и строительные работы. Составление калькуляций стоимости работ на техническое обслуживание...","Высшее образование. Опыт работы на аналогичной должности в области электроэнергетики (эксплуатация электрооборудования, ЭМР, ПНР) не менее 3 лет.",https://hh.ru/vacancy/42462351
97,Главный специалист по обучению и развитию персонала [id98921],,"Организация обучения работников (в очном/заочном/дистанционном форматах). Поиск информации, взаимодействие с провайдерами для генерации идей и реализации совместных уникальных...",Высшее образование. Опыт в области обучения и развития от 3 лет. Опыт разработки глобальных проектов в области развития (управленческие и...,https://hh.ru/vacancy/42479255
